id,class_id,category_id,created_at
000ea5e7-47a2-48bb-a75b-7f54004c6208,2ff0a76a-40bb-45cd-aaf9-bf5ac8862176,42,2025-03-13 13:43:45.924766+00
009cf0d0-e31f-4abf-8a56-a746e9d58d67,f4c873ef-c5a8-410c-89a6-2fde91b6b96b,23,2025-03-13 13:43:55.90139+00
00b38297-4b22-4ba2-b328-83483d4a41cf,a8c7e9aa-a4a9-4344-9740-1872b499a086,8,2025-03-13 13:43:59.494944+00
010c197d-3f9e-4503-8c33-586d529c8e99,f72f74dc-ee9f-40b3-a392-2660f0396981,2,2025-03-13 13:43:46.292361+00
01676fb2-527f-40e4-8e72-44d6eebd781f,0ef3f076-4c21-4e6f-b773-91774397c20f,8,2025-03-13 13:43:58.717109+00
0252a623-9201-428d-9d6f-5082d4ddac95,fd77cf4a-9d22-427b-ab8b-09a8eb840d68,42,2025-03-13 13:43:44.39524+00
0290a362-138f-4037-b169-806f02fd0567,f044b8c1-fc04-4777-9380-a7f54a4bd8ab,11,2025-03-13 13:43:50.565171+00
03f707e1-2734-416e-ad7c-f977a8d90640,c605b6fc-ad36-4435-bac5-2ec6f876f373,18,2025-03-13 13:44:00.36869+00
04012ac0-ddc0-4eb0-86f0-3b4bc7cb7f75,53a01f56-43b4-4503-b73c-e59096072fbb,42,2025-03-13 13:43:56.013042+00
048b9e6d-3669-4c07-ad5b-9c2be0d0cbe7,daaf4f7b-a227-4170-a8e6-6fea38be072f,18,2025-03-13 13:43:59.931368+00
04aa4f49-3f5c-4a27-be12-c86c975f2662,9bd3b821-b361-4548-b9e9-c17e5d339549,11,2025-03-13 13:43:51.951613+00
050813ac-586a-45fb-93f7-080c141bf67a,5031545e-c482-42f9-86bf-94d64771d578,3,2025-03-13 13:43:44.21872+00
056b8cdc-b713-432f-a635-4ca11a2538c1,85853fb6-05dd-4ebc-83b3-a82e724e1272,2,2025-03-13 13:43:54.003978+00
057375c8-c616-4503-9508-296d4f875d38,dae61d5f-3814-4b5f-94d9-06ce91233544,41,2025-03-13 13:43:46.153649+00
05d2ceaa-eb10-462c-b3ee-c0607ed7bb37,43e5ff50-b75f-4c0d-a49d-b3c73f6a6f23,11,2025-03-13 13:43:57.679809+00
061c3b4f-d4d9-4216-8e95-34931b0b2d97,adc16121-788b-4338-9718-17b3d2f72a9e,4,2025-03-13 13:43:43.174125+00
0697b612-e290-4985-83fe-a75335a52380,c08fe90f-5eb7-4d5e-afe9-15d9f7cd1e0c,18,2025-03-13 13:43:48.415881+00
06c53129-f67d-4dcc-8656-ee1b2a36f36f,f9190bd7-2b00-409e-8723-8dec291b33de,8,2025-03-13 13:43:56.377749+00
06f61a23-cf72-4ffb-810d-89549ae96554,3683fc48-9474-4f78-9076-96fa6722774c,22,2025-03-13 13:43:59.534579+00
07a6730a-ddea-412a-8658-54ab824ce96a,5f02d851-a162-4d71-a2e6-1d5607a1694c,2,2025-03-13 13:43:49.254325+00
08017ff8-9ac1-497a-b9f2-d4c2e811afa1,49138381-eea1-48f0-a142-f58765ba102f,18,2025-03-13 13:43:50.463067+00
08cf4c19-76ed-4826-8a65-882c747c7840,acc0027d-7aaa-4ae7-9a91-f205ce695948,17,2025-03-13 13:43:49.668641+00
0969c7ba-b21a-47d6-807c-0a05de05ad49,a8c7e9aa-a4a9-4344-9740-1872b499a086,11,2025-03-13 13:43:59.462396+00
09c63b2b-4526-4448-9778-ceeab33713dd,705c8465-6597-463b-be5d-15b2df3c78af,17,2025-03-13 13:43:45.191084+00
09e17f18-1be1-4de4-9cc5-e917bdc65c34,938722b2-3342-4e78-898b-69cba54e8afb,23,2025-03-13 13:43:54.499802+00
0a26324a-7050-4084-bb6e-d626ccdd38da,5c22430c-29e3-4d3a-b5b6-9dfbede95928,18,2025-03-13 13:43:48.133896+00
0ab9152a-dc64-4f47-9cde-b617c4877899,810a5fe9-bc63-45ac-a3d9-2f105b909495,2,2025-03-13 13:44:01.028697+00
0ae8e5c2-13c3-4ab5-beb2-80a0b92bac45,23db4f5d-a119-4d96-9414-efe6e02f3371,23,2025-03-13 13:44:00.730558+00
0bf4e3fd-0cb7-4491-91ad-1fdb67770a66,0b8f3335-fa4c-48e5-8986-2369e8166a15,4,2025-03-13 13:43:52.802135+00
0d25c97e-5f06-40f2-9b10-e78b3b77850d,cbc0c59b-f8f6-4c71-9540-6eb4a68112e3,2,2025-03-13 13:43:49.889422+00
0d2e3823-2ad2-4f0a-ae2f-e49735026561,680bdf95-9e52-44b8-893d-a6bed3b96a56,11,2025-03-13 13:43:54.604396+00
0d3e3225-a2f2-4acd-95d7-f5c76701460a,9943b879-070a-4c57-943b-aa5183c3fd42,3,2025-03-13 13:43:53.295864+00
0d72f9e1-d267-4216-a870-f4c3be2bf801,361b6663-9930-4eae-939d-5f61933e7bea,13,2025-09-02 12:24:27.47911+00
0d83e0a5-d99d-4183-9dbc-4af032d47a7f,56380d3e-1856-4e96-a544-432ef107bc2b,22,2025-03-13 13:43:56.883383+00
0d9f2111-eaa5-4c70-b72f-8955cd8deb54,7d9cf54f-a0b1-455c-9ef9-a2fd13c869ed,41,2025-03-13 13:43:49.033529+00
0dc0c9e4-0877-43cf-a178-1226fb15138e,36af60e4-6828-4224-8a3b-dcb626fedd9f,17,2025-03-13 13:43:49.3979+00
0dc193a4-26e8-4b44-8a7d-b5c24d8a40cb,b5b9b1b9-4cd1-45cd-a6c3-94911f72b5a5,3,2025-03-13 13:43:45.993641+00
0e17aeaf-6c53-4fc1-9e75-1a3a2dcec9a2,3cb99250-a779-499b-9dfa-078967fd392c,11,2025-03-13 13:43:53.404782+00
0eb8051a-8844-4c08-bb8d-e71a890cbd72,88546b70-7dea-4c49-826e-d31262b0291e,39,2025-03-13 13:43:51.542742+00
0ed19a92-e35c-4ef5-aac7-2bac85889cc1,bda2551e-0dfd-40c7-999f-baabde098773,4,2025-03-13 13:43:48.064161+00
0ef1aca2-8a2d-450b-a737-50f6d796a8b1,c838e5a7-29e0-4687-b302-1038e36078ec,35,2025-03-13 13:43:59.257675+00
0f246f32-5939-480c-b6e1-283cd592ccaf,50edf8bf-bcd3-4bb8-aaab-b95a48d450cf,3,2025-03-13 13:43:54.960303+00
0f89832f-d99c-4f9f-860e-085a6f8e4c12,e935700d-5692-46d1-a124-cdd6e79801d5,11,2025-03-13 13:43:57.102134+00
0fb70156-f28a-4ac4-9468-a628cfeaf262,278ac959-1198-4426-b18f-e1ec1d41267a,2,2025-03-13 13:43:44.864787+00
102e9c36-c77d-4f4c-afe6-c3e7524078ff,fc13cfeb-6d6c-42b0-a229-80762adb17dc,40,2025-03-13 13:43:51.739696+00
10760e24-ce6a-4968-b97e-0c5de082d2e4,a975f3ba-de8f-47ce-9746-3dd0e3db7c1a,17,2025-03-13 13:43:46.396469+00
10fbe80e-faa1-4fa7-85d5-8eb8366c9998,6dd62611-6f03-4814-9c3b-ccc4b3fad5db,11,2025-03-13 13:43:59.358552+00
11131ba2-86f2-40da-9623-a433b3257f13,d6663fa2-5749-4274-9525-37d3b6e655bf,36,2025-03-13 13:43:49.323032+00
11398005-5aa7-4067-9899-d61fb852746c,fa57ea24-f32d-494d-a53b-672fea9fe4d4,22,2025-03-13 13:43:53.022774+00
118a79e7-1849-4530-a4f7-ade2ba31039e,6f49a7d8-1143-409c-aad7-2b53772551a8,17,2025-03-13 13:43:46.566423+00
1246b063-9a59-4743-b286-7555fadbc152,56173d0b-771d-46c3-a5c7-43905ef440c2,2,2025-03-13 13:43:52.421101+00
12576751-8170-4dc6-b603-da33fcd1797e,a83e2224-1412-4f2c-8f7b-9e382a646b5b,22,2025-03-13 13:43:54.71515+00
141a76d3-88d9-4cce-a97f-628b3a8f674b,fb0df0a5-a9fa-44cf-8ab6-80c0262d6056,35,2025-03-13 13:43:58.505188+00
149e35ee-19e4-454b-8635-0e2b82f84647,065d9470-027b-49df-a298-c82250f78aef,4,2025-03-13 13:43:53.756044+00
14b13813-3280-4181-a650-21d532969620,3dd32af0-d41c-4095-bcd8-c93b498c67d4,2,2025-03-13 13:43:58.328428+00
150cdc03-b480-4697-b87f-08624c27d896,ba409ac1-4e67-401d-b898-1e98590f8b42,39,2025-03-13 13:43:45.441959+00
1576c87e-9852-4500-9fda-dac724e84bf7,57299223-1db2-4985-97af-a9d1114ac820,4,2025-03-13 13:43:43.399571+00
15cb673b-aab4-40bc-b2b5-f0bb740d30c3,eb3bf2a1-5688-4df2-8973-2460c2e5d5f7,11,2025-03-13 13:43:58.822829+00
16430520-62c9-49e5-9d67-d30966a149e9,cdc95131-f326-46c1-aba0-44ba6e7b43bc,2,2025-03-13 13:43:43.032128+00
1666c8a1-427f-4bde-8249-fde8e7481368,45a6a560-fb4e-41f8-a817-758c3f9dc0e1,8,2025-03-13 13:43:59.003375+00
1676be09-97f6-4da0-95f1-f22ba36ada54,bafc8c9d-5df0-4d0a-8265-67cafc316b5d,17,2025-03-13 13:43:45.540525+00
16784c90-cb81-4969-8a29-c2e503b7f6ea,516de3d4-bb75-4057-a030-632b92b71ab0,2,2025-03-13 13:43:42.853152+00
1769ceb9-26ec-4594-ab6c-7a5f468d43dd,a96346fc-e1df-43aa-b823-0318324bc3e6,8,2025-03-13 13:43:59.749533+00
1790af56-cc4c-45c3-af67-04811cc95b2a,3a21d01d-a8c9-4b35-bd07-445e4caad8eb,2,2025-03-13 13:43:58.143791+00
17e861b2-e4ca-4906-a289-74a1fe137f48,7d9cf54f-a0b1-455c-9ef9-a2fd13c869ed,11,2025-03-13 13:43:48.994983+00
182b08a7-3c98-4930-b838-72a7de96f4db,2ff0a76a-40bb-45cd-aaf9-bf5ac8862176,4,2025-03-13 13:43:45.889362+00
183720b4-e140-4550-9cd6-5377f35cae7c,94a219ab-4a0e-428c-824d-3ed4a6ee70c8,11,2025-03-13 13:43:57.714992+00
18c4bb2f-cdeb-4e70-882d-3c16ebe533f6,aae600e2-f3bc-417a-a25d-9aee0f2d57cb,11,2025-03-13 13:43:58.754046+00
18e5fef2-a935-4bf2-85b4-3d18c09bff2c,89c36cbd-e5f9-45ce-a096-c7b834f048f8,3,2025-03-13 13:43:45.713599+00
19190786-b104-4fa1-8205-5ce7b9a423b3,640f5281-07c9-4938-9ce9-c85e65eea36c,17,2025-03-13 13:43:50.138808+00
19226a2f-2abd-40ab-b7ca-e95b0d9e31d1,8c8ea9a3-eee0-415a-bed2-0b5a0f7069bd,39,2025-03-13 13:44:00.808599+00
19fb20e2-efe3-4cea-a8ea-06de1d4d82d5,8e9b78d9-d15f-4238-90f6-0a008447777e,17,2025-03-13 13:43:43.667166+00
1aa67dc4-be21-4fd1-8efa-b9947b534d9d,a7f804e3-1cb3-4d3a-ae31-b1ece040884b,33,2025-03-13 13:43:48.246996+00
1ae54247-5c84-410b-bd86-ae9806e1b813,de8eca15-d959-4fd7-a614-3ded875e9282,2,2025-03-13 13:43:43.070105+00
1af2c332-8af1-403b-9bb1-cd1a7ac50cc1,f5b02e25-e649-4d0b-b46a-c370843cb623,40,2025-03-13 13:43:46.706213+00
1b2244fe-09d5-4422-956e-ceda367736b2,4603e71e-07e4-464c-8509-740bdf335567,40,2025-03-13 13:43:52.234483+00
1b35aa88-31bf-4ece-9e20-61b4bd7fb095,67543b59-fe37-4bb0-9786-e69a508d9430,11,2025-03-13 13:43:57.501349+00
1b5aaf0e-f6e7-4d42-aa94-d2ede3cc5f74,f5b02e25-e649-4d0b-b46a-c370843cb623,17,2025-03-13 13:43:46.670633+00
1d1f9caf-97e9-44a6-9355-132f62de47a5,5586b8cd-a5a0-42ee-a45e-64ba61101d33,8,2025-03-13 13:43:56.26466+00
1d526b3b-693e-42db-b159-600707bee740,e115afbf-7271-4fea-8190-70852ea14eb5,8,2025-03-13 13:43:56.340546+00
1d661e6f-6930-445b-9a69-8776a646a184,89c36cbd-e5f9-45ce-a096-c7b834f048f8,39,2025-03-13 13:43:45.680919+00
1e8f3821-28bd-423c-a529-54076f0f5249,a96346fc-e1df-43aa-b823-0318324bc3e6,24,2025-09-02 12:11:21.298201+00
1f70b225-c559-4e20-8d63-2c3f16966e96,e3d50907-1e96-48f3-b2fc-26266f2318e5,41,2025-03-13 13:43:48.029332+00
1f8da36b-1606-475e-a417-c55611c8384b,adc16121-788b-4338-9718-17b3d2f72a9e,39,2025-03-13 13:43:43.139426+00
200c7bf5-7125-45de-9e2c-dea757601114,8dc0a8ec-7e09-4a68-969e-376029cd5527,17,2025-03-13 13:43:56.808071+00
202dab44-7900-47bb-b168-c00c56fa7d03,0b8f3335-fa4c-48e5-8986-2369e8166a15,40,2025-03-13 13:43:52.840124+00
2075b1ab-c893-46e8-95f8-ff1e0a3b6ab7,bcaba8a4-f82e-47fd-9623-bc9160343f77,2,2025-03-13 13:43:45.610303+00
20a4cd6a-97a1-4f6e-8213-c901b6521bf8,ec5140d1-2472-4e51-8d16-22e0866d510a,11,2025-03-13 13:43:49.176168+00
20cd45e0-9e7a-4e8b-a5d5-9d019374e9a1,0346b2d8-86f1-4d58-948c-f8c646162246,17,2025-03-13 13:43:46.4966+00
212ff2d8-50a1-4eb7-979a-8b974a858d5d,57dd33d6-e682-4138-b736-4d58ea6dce6f,18,2025-03-13 13:43:48.212266+00
21f033b7-f101-4efd-8d5b-e7caffa99f0f,62c632a5-f3c1-4be8-b70c-7e6b5a0dbeaa,18,2025-03-13 13:44:00.145099+00
226715fc-05f5-45cc-9c21-99e31ab69f78,dbe98391-10a3-4342-846c-96fea45e342c,3,2025-03-13 13:43:44.90078+00
22b27855-8d3b-4f76-be41-62d9d2372e8c,a7f804e3-1cb3-4d3a-ae31-b1ece040884b,18,2025-03-13 13:43:48.280394+00
2345d064-243a-4439-b50a-56c531bdbb2c,5b23cce7-d165-4e06-bee8-6bbc8ea74c8d,2,2025-03-13 13:43:54.1925+00
2418fd64-6cc2-4425-bf78-2b7302b6aa7a,a975f3ba-de8f-47ce-9746-3dd0e3db7c1a,36,2025-03-13 13:43:46.427705+00
2591942f-9f69-42b5-921a-b0761167b47b,4d581d91-96ca-4d2a-be54-0a3ef497e6cb,36,2025-03-13 13:43:44.50151+00
25f51731-eb45-4de6-a84d-e80be2ca54e9,e265e65f-8b51-4bf2-bac0-9cdfeac68c79,2,2025-03-13 13:43:50.104781+00
2601416c-f1dc-42d3-8d53-927a01e8ed2b,cf179451-c3ee-45f2-b803-974ea7a447ad,11,2025-03-13 13:43:57.896987+00
276cab7c-0c8a-478b-9bad-352eab163573,e91b9b52-fafc-44e4-8733-b83007832615,4,2025-03-13 13:43:53.93129+00
2801550e-fcf1-4e90-b6b7-d0547538e0ca,50017dee-bc6e-4ece-a360-4cd54569e301,8,2025-03-13 13:43:57.823999+00
286ae52d-1c1a-47f5-bc2c-c8e1e70d76cb,a40141d3-ace4-4fc4-bc75-a09aa18d0bef,18,2025-03-13 13:43:52.467718+00
28f51d0a-0f30-423f-aba9-135c26258994,a6a11bfe-646a-47ae-9860-9acff60c78f0,11,2025-03-13 13:43:48.890639+00
2a2af962-a979-493e-86b6-958dd77fe80b,1c38bf42-d96d-4816-835f-74018a60cca3,2,2025-03-13 13:43:44.64275+00
2bc71102-a8ec-40be-be4a-6c30e5db387a,7f41b1ff-4a79-4577-a080-b4f5496df20f,2,2025-03-13 13:43:47.206411+00
2cd131f8-6b07-4513-8154-0aa3713071e6,134b279c-3219-482b-8e0d-ee878918ac6e,42,2025-03-13 13:43:54.468457+00
2d066097-9a9b-41a3-ad0a-1f589c4ef223,6e0ffea8-b68e-4256-98b2-4925525bcb5a,11,2025-03-13 13:43:47.705791+00
2d2224dd-1556-4a49-9381-f0cba7e3a6f3,a64768f3-ad62-4a73-bc07-b2265e73a677,2,2025-03-13 13:43:58.395848+00
2d22e0f6-c98a-41ae-91bb-f9575e8043f3,e836fdb9-39a7-40f0-a5ab-1fdd35157768,3,2025-03-13 13:43:41.927633+00
2d746cb5-d012-4b48-9269-7c57352b7ac6,c8734f4c-ea9b-4549-b03c-34472c8bc8dc,3,2025-03-13 13:43:52.911123+00
2de9e3a7-707e-4189-8672-267086463bbf,1451d7c7-89c9-48d3-b2ab-a92cfd5cdfa5,18,2025-03-13 13:43:48.346133+00
2e68c137-ab7c-4c49-b2f1-e6824433fe3e,c35804b6-b9eb-4b5e-a5b5-5914d7b66469,11,2025-03-13 13:43:47.593481+00
2e79e01f-2089-4aeb-a13f-ccc336f4a0f4,b8040dc3-3e57-46de-adba-69d45feef8a0,8,2025-03-13 13:43:58.930006+00
2eb72d79-4e31-4350-a8e7-656f61995331,19255a63-f9f7-4b7a-882f-95eba44014fe,3,2025-03-13 13:43:42.224982+00
2f3ba7de-bc71-4f24-a85d-d1d4e1619574,e4fae927-98a2-4350-990d-0a879089c5f4,2,2025-03-13 13:43:47.557083+00
2f732c19-1a4b-4f7d-a0ad-ab332fc1d2d0,5be4dbdf-bc08-4fbd-9042-e5b65da9a6fe,23,2025-03-13 13:43:54.297136+00
3032f22f-c4d5-478b-8d2c-a3c23f1ebfba,e7b948af-ea9e-4f45-b37d-163e7392ecba,23,2025-03-13 13:43:56.700119+00
3042dbbf-7678-4de4-8f9b-03560d411cac,fc610afd-2c30-481b-a63d-2087bec84821,17,2025-03-13 13:43:59.222424+00
30cf2566-08c2-4614-bab2-50ab75d11701,a96346fc-e1df-43aa-b823-0318324bc3e6,22,2025-03-13 13:43:59.715867+00
3111ba38-baf0-4446-a310-97a8c296a94e,4d581d91-96ca-4d2a-be54-0a3ef497e6cb,41,2025-03-13 13:43:44.537998+00
3187065c-fe90-439b-af69-ee1cb74bb7b7,3dd32af0-d41c-4095-bcd8-c93b498c67d4,17,2025-03-13 13:43:58.295573+00
321d6d70-dd68-454e-be7f-430f4f9cf6e2,0f7ebb22-cd9e-4d34-9442-680735abaf9d,41,2025-03-13 13:43:55.135221+00
326e697e-2342-48e6-a18b-1574559d6808,7ad9516d-95e0-454e-afe3-b885131654b1,17,2025-03-13 13:43:49.774718+00
3295aa66-e1e7-4a3e-b3c0-520986fcfc0b,56173d0b-771d-46c3-a5c7-43905ef440c2,35,2025-03-13 13:43:52.382863+00
32bf164b-03f1-44f4-8cc4-f338809b4859,b8040dc3-3e57-46de-adba-69d45feef8a0,13,2025-09-02 12:23:28.329509+00
331cc313-412a-468c-a8bf-c4b069d696b2,94c90b6f-6c86-4c2c-bacd-5fb95a530b77,2,2025-03-13 13:43:48.554627+00
3359f45c-8496-4c5c-8556-75dd7e829a4b,50017dee-bc6e-4ece-a360-4cd54569e301,13,2025-09-02 12:24:38.010659+00
33c50028-0ebc-43ae-bc38-fb80851a09a3,15df4318-302d-4a4e-bf6e-f144a7d68ff0,3,2025-03-13 13:43:52.765366+00
348a7afa-95f6-4250-a986-9b17e8593a98,949a4b48-bfbb-4359-b314-74a80ec0a251,17,2025-03-13 13:43:47.77817+00
34b61dde-35bc-40d9-ace5-c8bff8223606,acc0027d-7aaa-4ae7-9a91-f205ce695948,41,2025-03-13 13:43:49.74138+00
3511cb26-e531-45a2-8639-98fdbdebc30a,a8c2a56d-03ea-4434-8b15-6de0a3128570,17,2025-03-13 13:43:50.91999+00
362a25d4-0af6-4e2d-9c09-a7c4836ba2bd,5586b8cd-a5a0-42ee-a45e-64ba61101d33,13,2025-09-02 12:26:42.602369+00
36bfcf61-c8c0-4080-8355-9a9cf9e06d3f,fb0df0a5-a9fa-44cf-8ab6-80c0262d6056,11,2025-03-13 13:43:58.543074+00
372e1693-b244-4eb0-94ca-620118afc0b1,a40141d3-ace4-4fc4-bc75-a09aa18d0bef,40,2025-03-13 13:43:52.50527+00
379ad3b8-2ccd-43f3-9d29-b3bf2e5cda14,b81ef031-313f-41fc-bf57-4a2f6d233de1,39,2025-03-13 13:43:46.962881+00
38832608-e18c-4ce1-9972-c13320b7283f,39de16ac-2d55-47fc-b217-0fcc029cec1e,8,2025-03-13 13:43:56.51525+00
390b2bd5-71a5-40ae-afcd-81ab3e89bcd3,ba409ac1-4e67-401d-b898-1e98590f8b42,17,2025-03-13 13:43:45.406151+00
3a466b74-c2c1-4601-bd6b-6e0a1e280e71,165eff35-9d1a-4de4-93e6-a377a7f20eb4,13,2025-09-02 12:25:39.53868+00
3a63b055-de9f-4621-b7d9-c7ece8acd481,c7945f1e-0df0-4162-ad67-ed6408ac8dcd,3,2025-03-13 13:43:42.487781+00
3b2ae68d-e335-4900-9165-9449b46fd0a1,c520062a-dd9c-4f34-805e-f3ebf9407e46,2,2025-03-13 13:43:46.225286+00
3ba1f002-fd63-47cf-88d9-aaf832ea81bb,4930c284-5110-4f01-9dc4-83f977d3dc8e,4,2025-03-13 13:43:53.127295+00
3c167a01-93a4-43a5-a1e7-088c3da9b822,163a102b-e87d-4837-9e53-a96b79e9a611,36,2025-03-13 13:43:42.684718+00
3c391f8b-659a-462f-a69b-761bc4c96412,cf179451-c3ee-45f2-b803-974ea7a447ad,13,2025-09-02 12:24:15.728733+00
3c5e84c0-495a-4461-aae2-0298ef4d36c9,6e0ffea8-b68e-4256-98b2-4925525bcb5a,17,2025-03-13 13:43:47.671159+00
3c649d16-c72f-4ac6-a5aa-6d3c98d2e46f,e3d50907-1e96-48f3-b2fc-26266f2318e5,4,2025-03-13 13:43:47.994057+00
3c8ee186-6f58-4477-86b2-fa023bb90f8c,39de16ac-2d55-47fc-b217-0fcc029cec1e,22,2025-03-13 13:43:56.481341+00
3c9a0de6-8409-460a-954c-f22841fbdfb4,d2be3947-665b-43c4-b389-952df5c81060,2,2025-03-13 13:43:56.950625+00
3cca5358-67fc-4b99-b330-9ddf6f1cebf8,5b669ca8-203d-4856-8901-3aa70bde277e,11,2025-03-13 13:43:50.669378+00
3cd444c5-9060-4159-b50a-a007833f4174,2092964e-28de-409c-b60b-8ddfa551e423,3,2025-03-13 13:43:46.032093+00
3ddcd502-028a-440a-9f0f-a49d508e2ef3,54d44c29-4e3e-47d3-92fe-037944860f7c,41,2025-03-13 13:43:54.784514+00
3e2154b8-14c4-4166-b8a8-69b0ce255acc,43e5ff50-b75f-4c0d-a49d-b3c73f6a6f23,35,2025-03-13 13:43:57.643389+00
3e26611b-ec2d-4e9f-bc8c-9ddb79db8b66,f317e005-a4c6-4e86-839b-392007117208,2,2025-03-13 13:43:42.339908+00
3e47c343-f0a0-4811-af56-cc99181ed98a,57299223-1db2-4985-97af-a9d1114ac820,17,2025-03-13 13:43:43.364759+00
3e781d01-e79d-4863-9f24-d6ae3590d107,57dd33d6-e682-4138-b736-4d58ea6dce6f,33,2025-03-13 13:43:48.171919+00
3fbc726b-b921-402f-b972-2357f4f009b5,eec0ff6c-5f6b-4e0b-823c-91a7e31b04cc,36,2025-03-13 13:43:54.079439+00
3ff3cbb1-43cc-4088-9ef1-b3b6a48d023f,488ad1eb-4d69-41e8-9533-95ebfa7fd140,11,2025-03-13 13:43:57.137031+00
4020143b-781d-4223-807a-5ef67b08607d,2c9b9df9-b43b-4a31-9f5d-9b021f53b247,35,2025-03-13 13:43:56.986821+00
4048fc51-e59a-4a21-84cc-00d9b0ead3ef,50edf8bf-bcd3-4bb8-aaab-b95a48d450cf,40,2025-03-13 13:43:54.925737+00
4079f79b-71ad-4b50-8332-0376cafc4917,24fc5012-c9f6-4f08-818c-615d35efc6b7,4,2025-03-13 13:44:00.62384+00
40a253aa-4ef0-41c0-9114-aba7d65411a1,a615ee73-4f2d-4fa2-ade4-4b9689985cbe,40,2025-03-13 13:43:48.627638+00
40d6dbfc-7c5e-4b35-9b17-549e018d200a,6f079fbc-bd4d-4b71-ad96-97e49f565974,11,2025-03-13 13:43:47.63461+00
42baf093-be07-46e8-a4af-82c35130231b,09e80831-a710-4fa0-ac93-b96526092c32,22,2025-03-13 13:43:51.882146+00
434b098d-b5cb-4370-89ad-84f13bb921b2,a2c4eb7a-d1d2-4413-bf8c-1afae651c266,22,2025-03-13 13:43:58.647686+00
43e16e1c-98ea-45d7-b234-5986bc2a8562,19225436-e404-481f-adaf-9044e644bb77,11,2025-03-13 13:43:47.485504+00
44364af6-2458-49ee-9335-611bdcd65bd4,eed56f7e-97f0-4c19-af17-b75924410497,18,2025-03-13 13:44:00.073034+00
47113fbf-8585-4d8f-8b1f-2e98246c9cba,163a102b-e87d-4837-9e53-a96b79e9a611,35,2025-03-13 13:43:42.622857+00
472bea0b-0bd0-4935-a450-e1d4cab8024e,7c12170f-1d71-4e7c-9b2d-740c8a6697b8,17,2025-03-13 13:43:46.81107+00
47e82988-cdf8-46f3-aa6c-2be385e7bcb8,6fe89675-96dd-44f8-a00b-681fb74f9a9e,4,2025-03-13 13:44:00.958249+00
48bf2d25-80af-4d7f-9b65-4eb597298083,dd29859e-263d-4d4f-b9a6-14ed7b3a7c7e,2,2025-03-13 13:43:58.251556+00
49ba108c-88f5-44f0-986c-df3c623f924b,44a453c7-9534-4967-8fc2-153d4ea91e06,11,2025-03-13 13:43:52.308804+00
4a70bf41-7502-4bca-b9e5-500c1c6721ed,9d1b99a3-4c0d-4950-a05c-ecad1a440847,2,2025-03-13 13:43:50.022251+00
4a8c1558-fc46-4b6e-9216-ba6c8495d9c1,19225436-e404-481f-adaf-9044e644bb77,35,2025-03-13 13:43:47.45121+00
4ab0b7ac-c8a7-44d2-8e0e-7fe8731a78c5,f382588f-05a5-4e57-a294-ccb1cb576cd0,40,2025-03-13 13:43:51.286179+00
4ac1d233-ef83-4cef-9735-18abc75cce0c,163a102b-e87d-4837-9e53-a96b79e9a611,17,2025-03-13 13:43:42.587368+00
4ae4987e-3056-428e-9dca-c9ac7bd733b5,f9190bd7-2b00-409e-8723-8dec291b33de,13,2025-09-02 12:26:13.289384+00
4b62a2c7-70c3-4106-9838-c2b9c662bef7,938722b2-3342-4e78-898b-69cba54e8afb,42,2025-03-13 13:43:54.53472+00
4b84957d-6ded-48a3-97d9-a3ea69b1845a,36af60e4-6828-4224-8a3b-dcb626fedd9f,41,2025-03-13 13:43:49.472171+00
4bafcecd-d3e9-4fd4-8edc-e12801aa10f4,b13f9d6c-b38e-4390-a17d-3be728d91897,42,2025-03-13 13:43:55.856474+00
4c546ff4-9414-473e-a541-eb0c9b7c1254,fca50381-906b-418a-8675-6ebffdc67c06,23,2025-03-13 13:43:54.363279+00
4c8c619f-1381-491e-9d98-1d761de0bcce,b13f9d6c-b38e-4390-a17d-3be728d91897,23,2025-03-13 13:43:55.821652+00
4ee576bd-f035-4db7-b95e-93d9e3b1b780,0849955f-25d2-4c8b-817a-24a5803b3d11,35,2025-03-13 13:43:42.064649+00
4efae61f-d4c6-47fd-b7de-392312a7d083,6bc4d464-c620-4b31-8b90-28f439363d8e,13,2025-09-02 12:27:43.823036+00
502a1a38-f326-4a2d-bfdf-444daf715c86,0e316ac9-706a-43c5-adc4-9bca8bf6f985,8,2025-03-13 13:43:59.822755+00
511b0941-4af3-4649-80f4-69e069b055da,aa86b63e-9d00-43f3-9308-212e35efcda9,17,2025-03-13 13:43:50.279207+00
5163a9b2-c4bc-47fc-9460-6c2444598d3f,3347763f-7263-49cc-9973-7644b69861c2,21,2025-03-13 13:43:59.894434+00
519d0875-df81-4d42-98d7-eac72fd650cf,f044b8c1-fc04-4777-9380-a7f54a4bd8ab,35,2025-03-13 13:43:50.531342+00
5258a631-1eee-4d24-829d-c372ba7db74c,ff899aea-5636-4e4c-860f-b8a90fa46902,11,2025-03-13 13:43:57.251712+00
52e04ed7-97ae-4aa3-9cd2-6837692b747d,ed5a99f2-e771-4694-a002-416f49cb86b3,18,2025-03-13 13:44:00.224832+00
5361b52a-089d-412e-9972-eb9acc9eb7b2,9a185653-63ab-416c-b50d-f344e10141f6,17,2025-03-13 13:43:47.522341+00
53fa3d90-bcf4-42c6-9b2c-b81f1112ee00,e995d1de-257a-4087-b8e6-74ffb72ef026,3,2025-03-13 13:43:44.041739+00
543d80ae-61ee-410b-8a3c-c6c902abd064,a8c2a56d-03ea-4434-8b15-6de0a3128570,4,2025-03-13 13:43:50.995746+00
544a6478-e0a3-4799-b64a-b80860459b20,aae600e2-f3bc-417a-a25d-9aee0f2d57cb,13,2025-09-02 12:23:52.099187+00
545e9a69-81f1-456f-96ae-4f2bb2d26ea3,56720c5c-9aae-4c3a-a17c-f57f34857e8d,41,2025-03-13 13:43:58.614895+00
55fd3131-6b73-4020-a8c8-855d921af887,178c924f-1fcd-4f41-93f1-3adc70cc83ee,4,2025-03-13 13:43:50.742322+00
566f04f9-81e3-42c5-9d58-fb19c39e082f,1c38bf42-d96d-4816-835f-74018a60cca3,35,2025-03-13 13:43:44.608848+00
56d15555-d5c0-4ba0-81b4-ea8aec0d4b31,85235e78-974c-4a56-b21f-1e3ee52c51cc,35,2025-03-13 13:43:44.251875+00
57156f12-06b0-4365-896d-f20cac14a3a8,94a219ab-4a0e-428c-824d-3ed4a6ee70c8,13,2025-09-02 12:24:51.711863+00
5746bf4f-3546-4b6f-86e9-36856174710c,13fc14c4-1ce2-4628-be95-7c529e1b3dd1,8,2025-03-13 13:43:59.603435+00
57917530-48a7-4a89-ba7b-af661dd77d3c,dbe49e0d-1545-47f5-9978-04144d14010e,18,2025-03-13 13:44:00.002779+00
579ea665-c129-44b4-b000-c520140594d9,178c924f-1fcd-4f41-93f1-3adc70cc83ee,17,2025-03-13 13:43:50.705491+00
58b409c7-8e81-4e89-9466-31483ab9172d,dfee256e-1b85-4ce7-b346-8913a2c2ac63,17,2025-03-13 13:43:59.148358+00
58eda919-efc1-4659-8d94-2ebd044a3727,f044b8c1-fc04-4777-9380-a7f54a4bd8ab,17,2025-03-13 13:43:50.499115+00
5902a3ce-5902-49b3-916f-44f93eb6296c,7c12170f-1d71-4e7c-9b2d-740c8a6697b8,40,2025-03-13 13:43:46.885612+00
59a24525-744a-4b9c-90f0-5fc517592523,f722c7fa-b725-4fdc-9c20-1a96f1deae80,3,2025-03-13 13:43:51.070921+00
5a5fc972-37cf-41d4-b55e-1c9c9c4ff91b,ee447931-fc83-4161-9fbc-046ab600686e,11,2025-03-13 13:43:47.882979+00
5ae6c5b4-334f-4ad0-8139-ec50fee8b1aa,575ad423-5769-4606-b99e-8799a1fb0e76,4,2025-03-13 13:43:44.82921+00
5b039411-6f9b-4056-96f2-5534cdfdfa83,b5f1bf97-01de-47d6-933a-5c80636ea29a,2,2025-03-13 13:43:44.149035+00
5b69c130-23f4-4b33-a1f1-f3dec753e606,fcfa0327-5ff7-4a67-9695-856143507164,8,2025-03-13 13:43:56.161689+00
5b9bc72b-a008-4ef8-bdc8-3c6799c0cc51,eed56f7e-97f0-4c19-af17-b75924410497,21,2025-03-13 13:44:00.107067+00
5cb7f3a5-51d1-4051-80e2-e96d962460eb,add4c251-77bb-4487-8561-66d70f604165,11,2025-03-13 13:43:52.985438+00
5cc65d3a-7e3b-4859-8ad4-508e12924faf,52bcc659-2846-41c0-9a29-ccfc26803dad,11,2025-03-13 13:43:51.141709+00
5f60bc73-f88b-4960-a1bb-7eb1b67712d6,475721ac-5125-4e7e-ab54-76dcb20ab911,11,2025-03-13 13:43:49.138542+00
5f81ab48-52e5-4ca7-97fa-a02127a3f8f3,0e370e14-2da3-4bf9-8784-552a22d85d25,8,2025-03-13 13:43:56.129412+00
602462ae-e299-41e9-85b6-24603b0312c2,ac5db70b-205f-479f-a701-4cd17648d42a,23,2025-03-13 13:43:55.247847+00
608fb1ef-ad61-4741-838a-0669413fd898,94a219ab-4a0e-428c-824d-3ed4a6ee70c8,8,2025-03-13 13:43:57.749199+00
609e86af-0f50-4a2b-8b15-af844bdfdcbc,194972da-6ef6-4b21-abb3-aee50768b272,2,2025-03-13 13:43:53.372325+00
60c39c46-04c6-4467-99d9-75f571467aa5,e512717d-b7cd-42e0-a892-a77ad60960b2,35,2025-03-13 13:43:48.747551+00
6136b5a6-ae3e-4148-adba-914eb73dcd46,fb5d7276-e1f9-4385-8c05-56df64f792a6,17,2025-03-13 13:43:59.18662+00
621b3ff7-f38f-42a7-9689-38e1b66bcf81,8477d666-d0ff-4c66-bfb5-cd5e6a4b20e6,17,2025-03-13 13:43:43.250021+00
6485164e-ef5c-438d-9987-3460d2bf1f31,52bcc659-2846-41c0-9a29-ccfc26803dad,35,2025-03-13 13:43:51.109754+00
6486b713-a2ad-4fe3-b6b4-02be0fd69a4c,5b669ca8-203d-4856-8901-3aa70bde277e,35,2025-03-13 13:43:50.635526+00
658406c9-d470-4f32-8458-3116ff389566,25e06663-21a3-4948-9145-4463e3526868,11,2025-03-13 13:43:59.428382+00
65943c1b-412f-40aa-9a17-87f55081c8e4,3347763f-7263-49cc-9973-7644b69861c2,18,2025-03-13 13:43:59.860806+00
659a36aa-661e-4084-8cce-5368133852e2,36af60e4-6828-4224-8a3b-dcb626fedd9f,36,2025-03-13 13:43:49.437469+00
65f3eb55-f2de-468d-9185-aea47a679024,dcf0258e-ee97-46c4-9bda-75946b1e40de,41,2025-03-13 13:43:45.33336+00
6799cce9-0461-48a2-9f0d-c893ced2e083,7ea267fe-335a-42a3-9c48-ef4edf739d15,23,2025-03-13 13:43:55.68915+00
6851940d-2075-42d1-8b8d-a314ed7d43c1,06b5be3e-f8f1-41ce-8ad8-3ce5d767aed6,17,2025-03-13 13:43:45.117429+00
6894eb13-c73d-4447-a4d7-b8fd9f658f21,88546b70-7dea-4c49-826e-d31262b0291e,4,2025-03-13 13:43:51.589798+00
68b91d9f-0f3c-497a-ae59-f4722010ad6b,72dc47d8-cd93-4a5a-a09e-daaabbf57279,22,2025-03-13 13:44:00.439449+00
68bed4fb-87e3-41b0-b6a2-2dbdf11711e8,e29faa9e-cb42-44c7-8b4b-4a8480551d2a,11,2025-03-13 13:43:48.713063+00
68e41477-a840-4100-8110-cfbf66d746dc,930513ca-1a85-4b30-bd2f-808ae53928ee,22,2025-03-13 13:43:57.608947+00
69c81038-5d91-4d5e-9a88-c36dbdb15c9c,4ea7551f-9877-44d1-b13c-d7fcd02adc77,3,2025-03-13 13:43:46.32841+00
6a43b4dc-073f-41b6-abdd-81b92179ba46,37a7c7e3-bd69-4def-917d-da524b369772,4,2025-03-13 13:43:51.917676+00
6acc1ca6-1f32-4cd4-bbf1-04970980ca1e,648c385b-7d03-4b18-aa28-420ee46d7104,23,2025-03-13 13:43:55.759632+00
6b29417c-f81c-466f-8b30-e5a968ec7622,6d306443-f7a1-4b64-9b1b-1c42b502c4e6,13,2025-09-02 12:26:57.383381+00
6b5dcdf3-f386-4a61-acdb-576a11fcb52b,f010e7a7-becb-4f68-8dc3-7be3026caf15,2,2025-03-13 13:43:53.574103+00
6bf2cf2e-143a-4979-aee6-1e3a2dee8c8c,aed99123-30b1-4dd3-9b88-9818653e0603,17,2025-03-13 13:43:52.619796+00
6d781916-f301-45c1-8bfb-1e141ccc3ea7,c08fe90f-5eb7-4d5e-afe9-15d9f7cd1e0c,17,2025-03-13 13:43:48.382965+00
6ea37256-743a-4568-8f82-9949cb98857f,5b669ca8-203d-4856-8901-3aa70bde277e,17,2025-03-13 13:43:50.601278+00
6ece1109-9fcc-4bca-acc2-e8a6fd132537,680bdf95-9e52-44b8-893d-a6bed3b96a56,35,2025-03-13 13:43:54.568627+00
6ed9899b-8c94-45c8-8518-328677e5f689,b8040dc3-3e57-46de-adba-69d45feef8a0,11,2025-03-13 13:43:58.892639+00
6ef53fa4-9e8f-4a6d-b15e-f4e3194f734c,6bc4d464-c620-4b31-8b90-28f439363d8e,8,2025-03-13 13:43:56.65856+00
6f5903f9-95b5-478d-a37b-b3fdebfb112a,d92a93be-7e40-4778-bd6d-742fdd3c7897,42,2025-03-13 13:43:52.162954+00
6f75fb9c-ad0a-4b03-8ec2-e37d12259739,56720c5c-9aae-4c3a-a17c-f57f34857e8d,11,2025-03-13 13:43:58.578863+00
6fa19552-9fa6-4268-917b-540d2890a767,fcf10887-b6d3-4b90-b91d-176539f5cc2d,13,2025-09-02 12:26:33.25586+00
6fc25572-0050-4727-bf58-914948bb84ed,530a207e-4b7e-4f97-8cf8-2a6f17024643,35,2025-03-13 13:43:47.046674+00
6fd35c14-46d2-48a1-b1e5-1b1bda055203,cf179451-c3ee-45f2-b803-974ea7a447ad,8,2025-03-13 13:43:57.939146+00
71645306-eb42-423a-81db-7f8f8453d388,f5b02e25-e649-4d0b-b46a-c370843cb623,3,2025-03-13 13:43:46.741524+00
7166a0b6-bdf6-43eb-a0a1-d42d518a8399,4a178983-851d-4cde-b54e-b605c28821d1,41,2025-03-13 13:43:54.996763+00
721996a0-cdac-486e-b0d4-4681eacba90f,45a6a560-fb4e-41f8-a817-758c3f9dc0e1,13,2025-09-02 12:23:17.451875+00
723918ad-ddc3-4c42-8447-6005499a3cd9,a3169992-f6b2-4bd2-95c8-e9a46984065f,3,2025-03-13 13:43:53.508237+00
72720cba-a7e3-49e7-9799-dee9c8bb639c,eafaa1ad-0935-402d-915c-33c9e699c3f4,41,2025-03-13 13:44:00.922794+00
72eed787-fe9a-44bf-99bf-d533a51a148c,6f49a7d8-1143-409c-aad7-2b53772551a8,40,2025-03-13 13:43:46.636563+00
73c6233a-3232-4eb5-83fc-5e680d1f9c22,f4c873ef-c5a8-410c-89a6-2fde91b6b96b,42,2025-03-13 13:43:55.943585+00
73c7061e-89ec-46d4-ba93-83022e50a8d1,05225229-78b2-445c-beeb-c83f2fb5b0b6,42,2025-03-13 13:43:44.182987+00
73e00a0c-afad-4083-a81e-21c6f9a837bd,4930c284-5110-4f01-9dc4-83f977d3dc8e,40,2025-03-13 13:43:53.16153+00
73e6e1f5-ad56-4228-8c5c-4a4fa719d443,180fd0ac-6c4f-424f-88ab-4d0426cf60bf,11,2025-03-13 13:43:57.175697+00
73eb855c-84fe-4828-9de9-339acc2d969e,49138381-eea1-48f0-a142-f58765ba102f,17,2025-03-13 13:43:50.424119+00
74072f92-6b95-4f53-87b7-39378a5a41fd,819bec48-20b3-404b-8ab6-a372ebc2190e,11,2025-03-13 13:43:47.849025+00
74852652-a00d-448d-9484-fe539672f5b4,2cecd883-a062-4589-8c24-ee3f713e4a56,11,2025-03-13 13:43:57.287041+00
74a24959-099b-44f3-9713-cdd97dfc4dbd,ed5a99f2-e771-4694-a002-416f49cb86b3,21,2025-03-13 13:44:00.263891+00
74d850cc-4b9b-4834-9ae4-281a6ee71718,8a2d4944-5262-45d1-ba47-17725e475277,22,2025-03-13 13:43:55.371723+00
74f36e86-afb1-458f-bb2c-62309564a6a5,27d5557a-7568-4ccd-baf9-84fab8f8ddcf,2,2025-03-13 13:43:45.644028+00
753a7d23-e54a-4bea-9357-ab23d4128be2,8ffef6be-a1d9-4a22-a3b8-a50831e005d4,17,2025-03-13 13:43:43.474557+00
757b8afb-e0d6-4f45-a263-734cbc093dcd,2c9b9df9-b43b-4a31-9f5d-9b021f53b247,2,2025-03-13 13:43:57.064844+00
765c05b7-5a81-47cd-a9a5-711c314a18f0,acc0027d-7aaa-4ae7-9a91-f205ce695948,4,2025-03-13 13:43:49.707194+00
767f4337-3e48-4a08-a840-4325eedbd738,a8c7e9aa-a4a9-4344-9740-1872b499a086,13,2025-09-02 12:23:01.988142+00
777bc356-8eba-43f4-876b-ab61167f4b75,51d51fcf-c415-49fe-9b1b-7598057d2215,8,2025-03-13 13:43:56.623577+00
78176381-3283-4b79-b362-7c784086819e,530a207e-4b7e-4f97-8cf8-2a6f17024643,4,2025-03-13 13:43:47.084988+00
79af9db2-6921-4f3f-a77f-28195e86d6f7,8477d666-d0ff-4c66-bfb5-cd5e6a4b20e6,3,2025-03-13 13:43:43.289088+00
7b33c399-0a75-400e-b876-1eba2c745a13,40fc75a0-a409-465f-a12a-9dbde22eb6ee,3,2025-03-13 13:43:43.810534+00
7b61f504-bb49-46e1-8dff-74e859719026,dcf0258e-ee97-46c4-9bda-75946b1e40de,4,2025-03-13 13:43:45.298385+00
7c05fcf0-d999-4020-b708-c7dae37b627b,66000ef9-764f-4124-9e46-b7b50903cf1b,2,2025-03-13 13:43:43.853382+00
7c8727d1-1635-4e99-b3b5-8263f5125c62,f3b616cd-dcd7-46b4-a204-faafffde7048,2,2025-03-13 13:43:44.714743+00
7c995e93-e502-4735-9798-40b8e199d22a,361b6663-9930-4eae-939d-5f61933e7bea,8,2025-03-13 13:43:57.856027+00
7ce0e6c4-d01e-4d2d-adde-e5b85a021967,4b7a36c9-f569-48eb-9d68-b99d982f18bb,40,2025-03-13 13:43:51.773101+00
7e0befd9-b81a-4c0d-97b1-747b1ad251df,6dd62611-6f03-4814-9c3b-ccc4b3fad5db,41,2025-03-13 13:43:59.390925+00
7e1aaf72-aeb3-4d43-9568-d86398156bbb,02f90217-60f6-4fa8-88d0-cfcb1fda8be2,11,2025-03-13 13:43:57.399168+00
7e679a65-0c6f-4366-b5ea-c65feccd5be8,20d57b04-2029-4cb3-a1ff-d41bef15a658,3,2025-03-13 13:43:53.226653+00
7f20276b-610c-4934-80a4-f2537a160e90,30a59dd7-6a71-499f-a0d7-3953f0734324,40,2025-03-13 13:43:43.627517+00
7f2e2c6b-0d3c-4685-8959-28dddd1edd15,02d05363-4295-4fdf-93ec-61fc019b2455,2,2025-03-13 13:43:49.634992+00
7fc72915-ec20-47fe-a608-dbb543dfdb0f,3af57acf-f346-44b0-a396-4a349d61329e,21,2025-03-13 13:44:00.33424+00
7fdfeec1-3fe5-4699-9118-9842111135da,96e35963-cc69-48cb-b37f-5f9ebaf52e22,11,2025-03-13 13:43:57.321706+00
7fed847b-9324-48ad-9d5e-1d0b48b0d6bf,f3829d8c-6cad-4125-8fce-af3d0b53fb00,11,2025-03-13 13:43:58.00621+00
7fef3533-f869-4d06-a0b7-552a73241d72,2153e6ca-94cf-465d-baf9-70b0394d59a0,2,2025-03-13 13:43:43.330618+00
80ccc74c-dfce-4917-b9ab-94253ecd67c8,8c8ea9a3-eee0-415a-bed2-0b5a0f7069bd,2,2025-03-13 13:44:00.849898+00
810e336c-3deb-4a2c-bb15-9083d1877a08,e3d50907-1e96-48f3-b2fc-26266f2318e5,17,2025-03-13 13:43:47.955167+00
8129c391-604d-4a80-884c-23b498c33465,adc16121-788b-4338-9718-17b3d2f72a9e,17,2025-03-13 13:43:43.10487+00
813956f7-e238-484f-bc41-13c2f0f0a1b9,cdc95131-f326-46c1-aba0-44ba6e7b43bc,35,2025-03-13 13:43:42.996386+00
81836d4b-3435-4aa2-9570-03e89a987472,7af1eca9-75c9-4bde-960d-030c5d84466e,23,2025-03-13 13:43:55.170832+00
8204475f-2d14-44db-9d3f-7ac89c8b3fac,7475212b-644f-45e9-b9b1-a145d19e9a36,4,2025-03-13 13:43:46.365699+00
82125091-c763-4a6e-986f-9181e622da43,06b5be3e-f8f1-41ce-8ad8-3ce5d767aed6,3,2025-03-13 13:43:45.153667+00
82cdb380-7afe-4513-9d06-50c4f41a5880,3c710a41-a2a6-4d05-9d8e-64788fa8b6a3,4,2025-03-13 13:43:51.176913+00
83f24f1d-dc0c-454e-9c01-c38e454e152c,12884be8-a6e0-4c59-8091-8a677d09ea3e,3,2025-03-13 13:43:44.574995+00
840b83b3-87fc-4591-9849-b6263626362e,5dd39ed0-cfd1-458c-a4c5-68d2f8ca406b,2,2025-03-13 13:43:43.885344+00
840fa17a-1a56-4d24-9b43-0a1e44f847f9,bafc8c9d-5df0-4d0a-8265-67cafc316b5d,4,2025-03-13 13:43:45.573777+00
842c5ae7-a11b-42d4-8588-ff5365d12839,883485bf-f513-462f-a257-1da3143ce5a2,39,2025-03-13 13:43:54.856504+00
845cd4fe-4149-4512-9f54-81ef821e4f30,fee576ab-3cf9-4fb3-86c4-ef3c37291b53,11,2025-03-13 13:43:57.536899+00
8473e066-6f29-4807-b04a-e0160edf245f,0f7ebb22-cd9e-4d34-9442-680735abaf9d,35,2025-03-13 13:43:55.065361+00
855ead62-86e5-42f3-bf9b-87f7cffa0f1c,b7e85d62-aa77-45d2-87ea-d0a56df7a730,8,2025-03-13 13:43:56.447685+00
86872d9b-5bc1-4b7f-b16b-8b948e5bb937,c08fe90f-5eb7-4d5e-afe9-15d9f7cd1e0c,19,2025-08-20 03:04:35.799197+00
873c9315-5b86-461f-bd09-a22fa7195a6f,c7945f1e-0df0-4162-ad67-ed6408ac8dcd,17,2025-03-13 13:43:42.451911+00
886bd0d8-6887-4c1c-ae1a-1e2d42106a9b,eb3bf2a1-5688-4df2-8973-2460c2e5d5f7,8,2025-03-13 13:43:58.856206+00
8927642b-080a-44f3-874f-b1731f3e787d,5416088a-69e6-42fc-aa65-b7373e36fb2c,42,2025-03-13 13:43:45.507416+00
89c501dc-52d2-4002-a9f2-9f0af780542b,a6a11bfe-646a-47ae-9860-9acff60c78f0,35,2025-03-13 13:43:48.856117+00
89d5a73e-795a-4edb-8cbb-229251f619bc,24fc5012-c9f6-4f08-818c-615d35efc6b7,36,2025-03-13 13:44:00.586315+00
8a3be965-aa67-4e22-9c72-3c220260006e,cc019c64-3604-44c6-9bc5-ad46b291e868,35,2025-03-13 13:43:55.44294+00
8a45e9d3-3372-45b8-bb63-92eea3eae2ee,60928e30-f8fd-4184-aea3-5db040234854,40,2025-03-13 13:43:55.655833+00
8a552bca-1a3d-4f9d-91fa-942bad57c1e9,f3b616cd-dcd7-46b4-a204-faafffde7048,35,2025-03-13 13:43:44.67733+00
8ab4b11c-4063-429f-82e4-d10ee22229cb,c4ea11dd-7f5b-42a5-81f1-5bac0d70e75a,11,2025-03-13 13:43:59.113279+00
8b6e9622-84bb-416a-b64e-5ff3d75e35f0,cae5e88b-752e-48dc-811f-9d7e4d216efb,3,2025-03-13 13:43:42.787066+00
8bea57e5-3b50-4d71-8618-c61e5a0da901,65a72e9f-1318-45fa-adf2-e83fec5ed779,22,2025-03-13 13:43:52.875058+00
8c01b494-3f42-495f-b820-8610e3c7443b,134b279c-3219-482b-8e0d-ee878918ac6e,23,2025-03-13 13:43:54.432265+00
8c529cc0-f3ae-4510-a4cf-eb4dba156e9c,d160e518-31e5-41e6-8340-46100222eff0,17,2025-03-13 13:43:42.376286+00
8cbde916-222c-4c5d-890e-37fb82df0acb,a3169992-f6b2-4bd2-95c8-e9a46984065f,17,2025-03-13 13:43:53.473605+00
8cc01f12-345e-4de1-a0a3-2821b0982f64,b0213ba4-6fd8-404f-9b9a-4db63b38f8f0,2,2025-03-13 13:43:58.181499+00
8d7a1451-6ac7-4a9d-ad3d-18155ddec8e1,1d64292d-79b0-4a98-b854-66d86ca612f3,13,2025-09-02 12:25:18.770239+00
8e32e10b-6330-415b-870d-9704cd1f7b10,324890c7-0afa-4b6a-8507-3b6597f9506e,22,2025-03-13 13:43:59.640462+00
8e65b914-e76a-40a7-8c5c-4974ba8a4431,84c3697d-c3c8-4f01-9373-a7dc5e3867dc,2,2025-03-13 13:43:53.646487+00
8e924481-3b9c-4e7d-bcc8-c9d2f781eab7,0346b2d8-86f1-4d58-948c-f8c646162246,2,2025-03-13 13:43:46.530116+00
8ea7d3fd-6a74-4c03-b591-c5ad46f31a55,e995d1de-257a-4087-b8e6-74ffb72ef026,17,2025-03-13 13:43:44.003024+00
8f2380fe-a002-41d6-95e3-214986132f50,7ad9516d-95e0-454e-afe3-b885131654b1,3,2025-03-13 13:43:49.815746+00
8f87c998-70f1-435f-a7ad-0ec94b5d9490,d1a2f494-c86e-4f92-b04d-faa52fd84cd7,2,2025-03-13 13:43:58.432405+00
8fda76d7-6886-426f-bcab-49fd46b39131,2f9c3b9e-ad12-414b-bbc2-d4ca01eafbe9,11,2025-03-13 13:43:57.468144+00
90afacd8-44e3-4f28-b051-b72a86ba15ab,03bfe1b1-066c-42c4-9b2c-2c923a80514e,36,2025-03-13 13:43:42.754294+00
90e7cee5-5dff-43e7-a4ef-63159ef38d13,d94d277f-ac62-477a-8156-91daa760f932,2,2025-03-13 13:43:46.773795+00
911043cd-f434-4836-802b-91d07eb31f39,640f5281-07c9-4938-9ce9-c85e65eea36c,18,2025-03-13 13:43:50.174838+00
9140c205-f438-4feb-9ea6-a05140377600,4d1ab5ef-ad6d-46a6-91be-1dc68cb3046a,11,2025-03-13 13:43:51.433736+00
91c48759-6f09-45df-9e90-46f486a9bf23,45a6a560-fb4e-41f8-a817-758c3f9dc0e1,11,2025-03-13 13:43:58.96998+00
91f456b9-8b27-47c5-b33f-eef22ca814f5,e512717d-b7cd-42e0-a892-a77ad60960b2,11,2025-03-13 13:43:48.782605+00
920498d5-f7ac-4dd5-a91a-2ff7d3a1b950,6a9bbe6e-7d30-40e2-8914-fe5d20ac77f1,11,2025-03-13 13:43:57.973515+00
927b2708-c73c-4fb5-bf7b-0cad4390e1e0,3a54c18a-00d9-4372-9bd7-875ac700fa05,2,2025-03-13 13:43:42.522472+00
9289b2be-b47f-4b8d-b7f5-8fff8e1e7fe2,dbe49e0d-1545-47f5-9978-04144d14010e,21,2025-03-13 13:44:00.037908+00
93b60b91-592b-4fcb-9688-9d98034c23fd,2098facb-a488-44c4-bff3-359070340726,11,2025-03-13 13:43:59.042716+00
93bc94e6-4898-4fa9-bcb0-745a90c801dd,750df1f9-1fa9-4bff-9355-c405e0ea7dfa,2,2025-03-13 13:43:47.920571+00
93f27dd4-81f1-4c15-8a4a-eb18ab52f178,2565d309-d4d9-40f5-a001-3c1ed0d2dff6,11,2025-03-13 13:43:49.068739+00
9414d80b-ac9a-4d84-bade-ca71f8e9e1fb,7884584c-678d-4aec-a310-e7ea49aad34d,2,2025-03-13 13:43:47.1231+00
9441e185-6cb6-471f-832f-932a9c4b4fef,1451d7c7-89c9-48d3-b2ab-a92cfd5cdfa5,33,2025-03-13 13:43:48.311648+00
945bb569-f9d2-4971-b876-d09366eb05eb,40fc75a0-a409-465f-a12a-9dbde22eb6ee,17,2025-03-13 13:43:43.774137+00
95e126b8-bf26-4af9-941a-8f7f73981f27,60928e30-f8fd-4184-aea3-5db040234854,39,2025-03-13 13:43:55.622774+00
96257436-fd00-4989-b3cf-9488e73b7e11,810a5fe9-bc63-45ac-a3d9-2f105b909495,4,2025-03-13 13:44:00.993498+00
963b70cf-3d51-4941-b8f3-171d59af0af4,fca50381-906b-418a-8675-6ebffdc67c06,42,2025-03-13 13:43:54.400191+00
966f7c75-f739-45b1-84fd-aff4a98d57d7,8a2d4944-5262-45d1-ba47-17725e475277,23,2025-03-13 13:43:55.324786+00
981effe3-abe8-43ae-9bdf-a0a4eadcb88f,54d44c29-4e3e-47d3-92fe-037944860f7c,2,2025-03-13 13:43:54.750097+00
98e7506b-d42b-4c04-a415-624062d5f548,60928e30-f8fd-4184-aea3-5db040234854,17,2025-03-13 13:43:55.584811+00
994a7449-fc98-4b27-8c3a-3214a3b2010f,cbad6a77-5e2b-4c05-9e61-f3dee1cc977f,2,2025-03-13 13:43:52.347745+00
9a676973-d297-4f1e-ae79-3dfc32da36a0,a9f024a7-9229-4283-9aa4-77345fa97f9b,4,2025-03-13 13:43:43.923263+00
9a80323b-3c36-44b9-ac80-59c36b1de901,fc13cfeb-6d6c-42b0-a229-80762adb17dc,4,2025-03-13 13:43:51.707053+00
9b1febcf-449d-42db-9974-63e8801be551,4d0831b1-1a1d-4ce4-b1f5-d4b2f115b0a7,18,2025-03-13 13:43:50.24323+00
9cb1390d-f8e1-4ede-a6e6-287c33b38b5d,0ef3f076-4c21-4e6f-b773-91774397c20f,11,2025-03-13 13:43:58.685617+00
9cb78c96-118d-45bf-afcc-ac92c34dab83,883485bf-f513-462f-a257-1da3143ce5a2,18,2025-03-13 13:43:54.817159+00
9d7fffaa-5108-4da3-8554-a237d4ad2126,5c6eb9f3-9a95-415f-bf58-5caf7e67defa,23,2025-03-13 13:44:00.770686+00
9d850f3e-b839-4459-8bd6-4ad66e7a79d2,50017dee-bc6e-4ece-a360-4cd54569e301,11,2025-03-13 13:43:57.787541+00
9d8a1e7b-c722-48c5-a2bf-5d43c10da722,e75550ce-3a83-45ad-ab0b-2c47de6372a9,2,2025-03-13 13:43:44.793259+00
9e607375-5623-4dfd-a49c-41ab1340a38f,ba8a7754-bbb4-4eb3-a086-a00c80292b7d,11,2025-03-13 13:43:57.431124+00
9ef1e892-6e55-427f-bb4b-b3b786a25118,b0003943-87df-44bb-af23-ab133d247d49,4,2025-03-13 13:43:46.186966+00
9f487d75-7195-48db-9f0a-9e1410ad3614,c08fe90f-5eb7-4d5e-afe9-15d9f7cd1e0c,40,2025-03-13 13:43:48.451906+00
9f7d1f30-9412-4924-b0ba-4c96be2623f5,15df4318-302d-4a4e-bf6e-f144a7d68ff0,17,2025-03-13 13:43:52.727624+00
a03f20cc-0fb6-4bdb-8c1d-07407a8bfa86,9943b879-070a-4c57-943b-aa5183c3fd42,17,2025-03-13 13:43:53.262388+00
a0c10f80-c6fd-41ba-8ad2-159a76f0bb30,e265e65f-8b51-4bf2-bac0-9cdfeac68c79,17,2025-03-13 13:43:50.05965+00
a114c8c2-7462-489a-852d-0ed6bdc9987d,d2be3947-665b-43c4-b389-952df5c81060,17,2025-03-13 13:43:56.916954+00
a1c8c433-a5f6-4f3d-b29d-481f5a94efb4,45dd1ac9-68d2-4f00-86b3-b9585ea57d03,17,2025-03-13 13:43:44.076388+00
a1fab8a2-5c0d-4fb3-a2cb-dc85e55098f3,4d0831b1-1a1d-4ce4-b1f5-d4b2f115b0a7,17,2025-03-13 13:43:50.207597+00
a21abc25-dee6-4cf5-84dc-8e695974cf1b,f052bff3-c211-4044-ade5-b33f830ef432,4,2025-03-13 13:43:55.551016+00
a2690003-3c85-41ed-96d4-461c046eabb1,aae600e2-f3bc-417a-a25d-9aee0f2d57cb,8,2025-03-13 13:43:58.789136+00
a310f245-a70b-4cce-b277-137e7d32543f,19255a63-f9f7-4b7a-882f-95eba44014fe,17,2025-03-13 13:43:42.19153+00
a33e421a-e2d2-4bef-a4e2-766facbbd804,5be4dbdf-bc08-4fbd-9042-e5b65da9a6fe,42,2025-03-13 13:43:54.3313+00
a3a7fc8b-6ffe-454b-a66f-7b666557d105,4a178983-851d-4cde-b54e-b605c28821d1,3,2025-03-13 13:43:55.031831+00
a3b7cfc8-3169-4382-bad5-4c766078c617,74adb164-d184-4a57-aee6-2b89a6e61430,41,2025-03-13 13:43:51.361858+00
a4af142c-ab71-4807-bca8-37702463cbc2,6d306443-f7a1-4b64-9b1b-1c42b502c4e6,8,2025-03-13 13:43:56.230192+00
a510e57c-a558-4b41-b1b1-70fd3022b81d,03037474-4cef-4fe5-a094-9d5b7ede4025,11,2025-03-13 13:43:47.24645+00
a53b97e1-e8af-46c2-9437-b22580af3fa6,f6dda7f2-c8d1-4f27-80d9-7adf9fecfb5b,35,2025-03-13 13:43:49.922191+00
a5b666f8-a161-43c8-a500-f4ebfb967939,7f41b1ff-4a79-4577-a080-b4f5496df20f,35,2025-03-13 13:43:47.166109+00
a5c5d8f4-28d5-40be-8af3-1f1a77e8af3e,b81ef031-313f-41fc-bf57-4a2f6d233de1,4,2025-03-13 13:43:47.006574+00
a63872f9-f09c-408a-b6ec-53294f854903,fcfa0327-5ff7-4a67-9695-856143507164,13,2025-09-02 12:27:18.961314+00
a6c41fcc-390f-4f27-8565-39b94f9bc61c,dae61d5f-3814-4b5f-94d9-06ce91233544,4,2025-03-13 13:43:46.112382+00
a6ced80e-bc89-4a44-8c91-c78ea08c5ae3,aed99123-30b1-4dd3-9b88-9818653e0603,3,2025-03-13 13:43:52.693555+00
a725bf0f-6a69-4198-a65f-f399be36c6b5,c838e5a7-29e0-4687-b302-1038e36078ec,2,2025-03-13 13:43:59.295002+00
a748a1b8-c8e6-4446-aab5-ed23662c6194,aaedc8ab-f23f-4933-8bd2-2dbd9cefe9e9,3,2025-03-13 13:43:45.819331+00
a7789750-5416-47e2-8499-ecbcfe7139d8,94c90b6f-6c86-4c2c-bacd-5fb95a530b77,35,2025-03-13 13:43:48.519374+00
a7800c28-1629-40c8-b1a7-3d56ffba4965,c605b6fc-ad36-4435-bac5-2ec6f876f373,21,2025-03-13 13:44:00.401513+00
a7a20425-066d-456e-85d0-69cbda9d0914,d800f68f-abf5-42b1-861d-0128a5c1fb57,2,2025-03-13 13:43:53.091539+00
a854e08b-5dc0-48d2-9353-f47b9eb26abc,25fc972d-8ac1-4998-96f1-2cf551e91909,2,2025-03-13 13:43:58.3611+00
a8b19048-ba85-4d0e-92c9-5b71b18f0916,e91b9b52-fafc-44e4-8733-b83007832615,2,2025-03-13 13:43:53.969551+00
a8c5130d-091b-4d15-8208-ade207a83f3f,10210a11-26c2-41ea-aaa3-5bfe9847b437,3,2025-03-13 13:43:44.321061+00
a8f6e1c8-a143-4105-88c0-9e16e6e90383,7ea267fe-335a-42a3-9c48-ef4edf739d15,42,2025-03-13 13:43:55.725225+00
a9a38e51-2b31-4589-aef2-c75026234835,5c52530c-13e3-471c-bcb3-c8ad922d8e3a,4,2025-03-13 13:43:56.04808+00
aa36a7d8-5cb3-4832-b674-b33fdd45f4fb,e79857c7-8387-4978-9e0d-00c3e455a063,2,2025-03-13 13:43:49.559701+00
aa651a91-bba2-434e-961a-6d5e362b01e1,a9f024a7-9229-4283-9aa4-77345fa97f9b,41,2025-03-13 13:43:43.965273+00
aaa4b0c5-2e73-4576-9b7c-93f2dde24c62,74adb164-d184-4a57-aee6-2b89a6e61430,2,2025-03-13 13:43:51.327103+00
aad44988-97bf-42a0-b80d-b4aa827b0f5d,4b7a36c9-f569-48eb-9d68-b99d982f18bb,3,2025-03-13 13:43:51.807308+00
abce9492-71e9-4836-9861-cd43bc71da9a,0ffa3025-7626-43f6-90f1-77774bd33e50,4,2025-03-13 13:44:00.547894+00
ac17ac9e-dd62-4cd7-b034-4c91545e34ed,d160e518-31e5-41e6-8340-46100222eff0,4,2025-03-13 13:43:42.408902+00
ac1be2fa-cef7-4f16-a13f-50d451f24ed2,d6663fa2-5749-4274-9525-37d3b6e655bf,41,2025-03-13 13:43:49.361334+00
ac2c6f90-d753-41c9-b56e-bcc071af659e,19f11b5a-0049-431e-aed5-1d0b79d17378,41,2025-03-13 13:43:47.417217+00
ac97494e-5c17-4abb-a79b-ef3db722d5bc,6ec29eb9-8d1b-46b1-bae0-b3e30e30d58b,2,2025-03-13 13:43:43.214721+00
acb07a64-b6d8-4edb-b013-f606b583b207,19b5d2f7-1ba6-4002-9bcc-b4268e6f1fc1,11,2025-03-13 13:43:50.775402+00
acde5e09-817b-4162-8f32-e7e5ab4db48d,e7b948af-ea9e-4f45-b37d-163e7392ecba,22,2025-03-13 13:43:56.735372+00
ad70e059-f2e3-4699-ae35-108d5992b1e0,fa2a42cd-cd53-48cf-9c6a-b1cbe1c09126,39,2025-03-13 13:43:53.825725+00
ad8a9dcd-26b7-4df5-9c35-dcba0c6624a3,30a59dd7-6a71-499f-a0d7-3953f0734324,36,2025-03-13 13:43:43.59203+00
ada9cf3e-d882-466a-8275-d514a8ed3701,02d05363-4295-4fdf-93ec-61fc019b2455,17,2025-03-13 13:43:49.597309+00
adfc3e75-0a44-47f1-b7df-e915d5dc9f89,8248d080-e86e-420b-9a73-3eadce5161fc,8,2025-03-13 13:43:56.412274+00
ae24b5e2-4502-406f-aaff-785dc389e5a1,f052bff3-c211-4044-ade5-b33f830ef432,39,2025-03-13 13:43:55.516577+00
aec50e63-4b38-4c21-a48d-5fe6d2fe5405,13fc14c4-1ce2-4628-be95-7c529e1b3dd1,18,2025-03-13 13:43:59.56878+00
af1058c4-71fe-4499-acc5-2220e1b5f33a,62c632a5-f3c1-4be8-b70c-7e6b5a0dbeaa,21,2025-03-13 13:44:00.180957+00
afe4745e-5913-474d-851c-fcd2a4131fb6,f222d453-26c8-4d6a-95fc-4594facce9a8,2,2025-03-13 13:43:42.818271+00
b073238c-2c8b-4fc7-9926-6442651da57c,eec0ff6c-5f6b-4e0b-823c-91a7e31b04cc,4,2025-03-13 13:43:54.120345+00
b13ffbff-4df3-4563-b8c0-b5be88bc5518,0e370e14-2da3-4bf9-8784-552a22d85d25,13,2025-09-02 12:27:31.833864+00
b15eceb6-2a01-4327-a6da-848e15341f0c,f72f74dc-ee9f-40b3-a392-2660f0396981,35,2025-03-13 13:43:46.258236+00
b1dd0638-fd8f-4556-b41c-6ad0014c2547,2602d479-74a3-4d8f-8e1e-37ef6abf4c0f,18,2025-03-13 13:43:50.384299+00
b1f0a790-1798-4041-a5b3-618ccaaa7543,04f04762-e1c6-4d0f-b28d-c384f80bcd69,2,2025-03-13 13:43:54.644886+00
b292993f-5ff9-4715-89ca-acdb5aa95b94,1742bc91-68ca-4f51-b011-889d93ab98ad,2,2025-03-13 13:43:45.080228+00
b30adcec-ce8c-45b9-8c28-cfd84e451267,aed99123-30b1-4dd3-9b88-9818653e0603,40,2025-03-13 13:43:52.65879+00
b378992d-8206-459d-9c2b-8adc52143537,fa2a42cd-cd53-48cf-9c6a-b1cbe1c09126,2,2025-03-13 13:43:53.863775+00
b44ecfa8-7c95-4ae7-9c84-535cbccb870e,aaf340fc-2783-43d1-929d-519a9b5b9e21,2,2025-03-13 13:43:51.469738+00
b45e7a5c-8dd1-4fb2-8922-3805f1255e5c,44a453c7-9534-4967-8fc2-153d4ea91e06,35,2025-03-13 13:43:52.271907+00
b5172026-0a81-4fd1-b39e-eb24c29baee3,dae61d5f-3814-4b5f-94d9-06ce91233544,17,2025-03-13 13:43:46.076482+00
b59c50dc-4f06-441a-bba1-a5559442de72,19f11b5a-0049-431e-aed5-1d0b79d17378,11,2025-03-13 13:43:47.374665+00
b59d2b6d-c23c-4c09-a7ab-d06b73fe8f4c,f6ec99ff-6df5-4afb-9748-701f30ad60fe,23,2025-03-13 13:43:54.22698+00
b5e3726d-07c7-4aa6-a501-5c7425f159a2,cc019c64-3604-44c6-9bc5-ad46b291e868,17,2025-03-13 13:43:55.409752+00
b5fe5de7-f112-44f6-b90b-c19fb97cb373,8e9b78d9-d15f-4238-90f6-0a008447777e,35,2025-03-13 13:43:43.705279+00
b62e1f62-3611-4cbc-9d2a-27c1ce8f596f,e5e3d242-cf90-4291-b911-bb8b20b42d4e,3,2025-03-13 13:43:46.923673+00
b73b78a1-e402-4741-8e57-41fbcb693106,8259f252-311f-4e30-a6b4-519fbb2014e5,2,2025-03-13 13:43:59.325859+00
b84582f7-4444-4c5e-a4fa-56ef046c171f,163a102b-e87d-4837-9e53-a96b79e9a611,41,2025-03-13 13:43:42.720933+00
b8884a8b-eee2-445f-91f5-8c427d424c1e,7af1eca9-75c9-4bde-960d-030c5d84466e,22,2025-03-13 13:43:55.209647+00
b8a3ef5e-bb72-4e9c-805e-786afe467845,09fcbf20-3acd-4a65-985b-0587a6a598bf,42,2025-03-13 13:43:52.095034+00
b8d9e5aa-2f90-4df1-a243-14bed9851696,09fcbf20-3acd-4a65-985b-0587a6a598bf,17,2025-03-13 13:43:52.058285+00
b957daf1-dc1d-453f-94e0-72012fa8f83a,79fb4785-9cce-4b5e-ac7f-25ea779f2ee8,4,2025-03-13 13:43:45.0091+00
b9832a3e-45cb-407d-833a-f265d41bab5f,76003adb-24da-4aa1-b5bc-55a0ecca48a3,36,2025-03-13 13:43:54.042647+00
ba629fc2-e707-4f2d-9524-993428fa4bab,0849955f-25d2-4c8b-817a-24a5803b3d11,4,2025-03-13 13:43:42.11068+00
baa2991f-e097-4d8f-9654-51a5171ee047,518b9600-2d63-409b-b408-319ced87239e,11,2025-03-13 13:43:58.03627+00
bb1de25b-03e4-412c-a3cc-4819d2c6463a,be41ab40-5bd0-455f-93bb-e22cf112ec24,17,2025-03-13 13:43:50.848608+00
bc105869-20c4-4aaa-a2b7-11445cb28da3,065d9470-027b-49df-a298-c82250f78aef,39,2025-03-13 13:43:53.719577+00
bc1bb1f3-157d-485a-85a5-1c003788ffbb,6a6da7e4-216a-4f31-abee-9f2967788d1f,2,2025-03-13 13:43:58.07188+00
bc29c728-2ba9-4adf-bc74-8ffc5ae3b420,53a01f56-43b4-4503-b73c-e59096072fbb,23,2025-03-13 13:43:55.976545+00
bc44d7f2-b162-4f02-84c6-26915ca38de2,aaf340fc-2783-43d1-929d-519a9b5b9e21,41,2025-03-13 13:43:51.506045+00
bc6cc292-50ad-46f0-b1d0-8351276990b2,ea5a1361-18c7-401b-985f-a96ea3d1002c,36,2025-03-13 13:43:44.355149+00
bc70e714-4fcd-43df-8e68-607f1f0a9d84,da3a3d10-8984-47ac-af73-bb532269591b,22,2025-03-13 13:43:57.574192+00
bd09b8e2-f143-4f8b-a1fc-8d5faae0f579,f6dda7f2-c8d1-4f27-80d9-7adf9fecfb5b,2,2025-03-13 13:43:49.956444+00
bdb8542e-31da-4bd6-9084-296391ac4a41,07ead655-6f94-4139-9106-ed1b8773588b,35,2025-03-13 13:43:42.264118+00
be8de8fe-f602-44c8-bb96-1b064d3b667c,99d9ca33-2bb3-4dd0-bafe-340724462462,22,2025-03-26 01:41:26.187774+00
be98ca1c-c5df-4a93-a839-7e412d1541b0,d6663fa2-5749-4274-9525-37d3b6e655bf,17,2025-03-13 13:43:49.288698+00
bea941a7-c385-49f9-9b90-d2eee836cb79,dcf0258e-ee97-46c4-9bda-75946b1e40de,17,2025-03-13 13:43:45.262919+00
bf025166-3276-484e-adbd-a3be687d7edc,d800f68f-abf5-42b1-861d-0128a5c1fb57,35,2025-03-13 13:43:53.057077+00
bf43e36e-de7c-43ad-a4f2-673051324d85,57299223-1db2-4985-97af-a9d1114ac820,41,2025-03-13 13:43:43.437178+00
bf84c523-8d98-4c29-93be-5160aa76fc5b,7d9cf54f-a0b1-455c-9ef9-a2fd13c869ed,35,2025-03-13 13:43:48.959096+00
bf9deeb6-df4a-4f30-a4c9-71bca64d1165,194972da-6ef6-4b21-abb3-aee50768b272,35,2025-03-13 13:43:53.328623+00
c073afd3-4834-40ef-abe4-6c10c7ed9d00,7c12170f-1d71-4e7c-9b2d-740c8a6697b8,18,2025-03-13 13:43:46.850587+00
c0b7324e-d981-4826-be0a-89584424d108,8e9b78d9-d15f-4238-90f6-0a008447777e,36,2025-03-13 13:43:43.740357+00
c155ad7a-4058-44f1-939e-ef18093dd10b,8a2d4944-5262-45d1-ba47-17725e475277,24,2025-09-02 12:13:53.895092+00
c2250df2-2f60-4dc4-a883-91fc0610e494,add4c251-77bb-4487-8561-66d70f604165,35,2025-03-13 13:43:52.946966+00
c2a5d131-a438-4d8c-bbb8-711629c6ad68,d8139eb3-2f85-45db-a017-c30b46e5b1f8,36,2025-03-13 13:43:42.886912+00
c2f3e2e2-781d-405b-a28d-984deac1bc6e,8248d080-e86e-420b-9a73-3eadce5161fc,13,2025-09-02 12:26:01.943872+00
c3065a43-ade5-4ea5-90f2-c4aa466a9c74,daaf4f7b-a227-4170-a8e6-6fea38be072f,21,2025-03-13 13:43:59.96637+00
c4ef9c0d-e6f5-4922-a7b9-e0a1cfcfa9b7,1d64292d-79b0-4a98-b854-66d86ca612f3,8,2025-03-13 13:43:56.194763+00
c58fe9f1-e6a7-4d79-bf55-1616e54eadad,3a21d01d-a8c9-4b35-bd07-445e4caad8eb,35,2025-03-13 13:43:58.109975+00
c712ff42-3ef8-4d7e-bf62-44b9bcf56c0a,949a4b48-bfbb-4359-b314-74a80ec0a251,4,2025-03-13 13:43:47.814701+00
c7262a04-9cf4-4b35-91c5-bffa2681b4f2,f010e7a7-becb-4f68-8dc3-7be3026caf15,35,2025-03-13 13:43:53.541391+00
c741d703-b41a-4f2a-aa68-fa9aae782a01,bd1af38b-f7b3-44fb-b17d-42ed427ff754,2,2025-03-13 13:43:42.554568+00
c7aed472-6f74-4a1e-88a8-922e20a77af1,eafaa1ad-0935-402d-915c-33c9e699c3f4,4,2025-03-13 13:44:00.883389+00
c7ce1a2e-0a8c-474b-ae4b-b48c9416f0ea,429b390c-baba-46b9-aee9-9f5b13dca876,11,2025-03-13 13:43:47.284081+00
c7d12a74-8deb-49d7-8ab1-dc44381350ac,c08fe90f-5eb7-4d5e-afe9-15d9f7cd1e0c,41,2025-03-13 13:43:48.486848+00
c90528d9-0a41-448e-8b74-e4c206a46551,065d9470-027b-49df-a298-c82250f78aef,17,2025-03-13 13:43:53.685106+00
c909f670-65d7-41a1-9d1f-dd0d07f491a0,e115afbf-7271-4fea-8190-70852ea14eb5,13,2025-09-02 12:26:23.101517+00
c9f25dfd-7e29-4738-bbe7-964263d27de3,a615ee73-4f2d-4fa2-ade4-4b9689985cbe,3,2025-03-13 13:43:48.660967+00
ca3459cc-7460-4fe7-834d-f6a470302b2f,ba409ac1-4e67-401d-b898-1e98590f8b42,4,2025-03-13 13:43:45.474374+00
cb10768f-a86b-4b80-b1d6-18e542c1d676,8dc0a8ec-7e09-4a68-969e-376029cd5527,4,2025-03-13 13:43:56.847473+00
cb29ba30-49ce-499d-a901-a56e8fea41b0,30a59dd7-6a71-499f-a0d7-3953f0734324,17,2025-03-13 13:43:43.557625+00
cbb96cdf-e92b-4012-9ff3-8c934b6b8ecf,fa2a42cd-cd53-48cf-9c6a-b1cbe1c09126,35,2025-03-13 13:43:53.789055+00
cdbfc881-4eed-4987-9027-c5036b9d55d4,be41ab40-5bd0-455f-93bb-e22cf112ec24,3,2025-03-13 13:43:50.885396+00
d0bce2f6-11f0-479d-a263-833dd359b778,2c9b9df9-b43b-4a31-9f5d-9b021f53b247,39,2025-03-13 13:43:57.023647+00
d12d631a-ab39-4745-83a4-ee89f67bb47c,d92a93be-7e40-4778-bd6d-742fdd3c7897,17,2025-03-13 13:43:52.127578+00
d180718c-ecca-4c87-99a8-1abf986561a7,eb3bf2a1-5688-4df2-8973-2460c2e5d5f7,13,2025-09-02 12:23:38.329543+00
d1d6f002-76ce-4d44-8f85-298c51432346,f6ec99ff-6df5-4afb-9748-701f30ad60fe,42,2025-03-13 13:43:54.262273+00
d1d878bb-f0bb-4ac1-890c-9d2362a31cc1,fcf10887-b6d3-4b90-b91d-176539f5cc2d,8,2025-03-13 13:43:56.302377+00
d20fafcc-cb70-48db-b514-21d4ec6d486a,429b390c-baba-46b9-aee9-9f5b13dca876,41,2025-03-13 13:43:47.33363+00
d2913f14-282b-4f26-8e76-0061932987af,45dd1ac9-68d2-4f00-86b3-b9585ea57d03,3,2025-03-13 13:43:44.112927+00
d2af0c1e-d0c4-457f-84e9-43c050d07875,ceffe3be-1070-4fa9-8eff-8b8aa44b6a8e,22,2025-03-13 13:43:53.437751+00
d2b3c9f4-5c52-4496-a9fa-3912daff7159,2602d479-74a3-4d8f-8e1e-37ef6abf4c0f,17,2025-03-13 13:43:50.349876+00
d39ca53f-3aed-4064-bd30-2cb22f84e414,79fb4785-9cce-4b5e-ac7f-25ea779f2ee8,39,2025-03-13 13:43:44.971633+00
d403f145-be69-40c9-aa10-97eb5dfe72a9,689b95c7-ba0f-4a8a-b4b7-b343c8e3a8aa,4,2025-03-13 13:44:00.508548+00
d4a56bed-6e5c-496c-9b50-38fd6c065a5f,7863f972-441f-4fb1-9be7-5818a49fc1a6,2,2025-03-13 13:43:42.02897+00
d4d23a48-57b5-41a3-b716-87243823c4c5,c761c3a0-ffc1-49d4-ba3c-2c6430f07d74,11,2025-03-13 13:43:59.078019+00
d5121902-02e5-4d76-9f49-64ecf5521e2e,5f02d851-a162-4d71-a2e6-1d5607a1694c,17,2025-03-13 13:43:49.215331+00
d57eae65-e7e6-442d-81ae-d6a920db7aeb,0f7ebb22-cd9e-4d34-9442-680735abaf9d,2,2025-03-13 13:43:55.099317+00
d5e75349-cbc0-481b-8fb2-7f816bef74b0,8ffef6be-a1d9-4a22-a3b8-a50831e005d4,4,2025-03-13 13:43:43.511493+00
d61e3da3-dab4-4be7-be74-c5a8c7af231c,324890c7-0afa-4b6a-8507-3b6597f9506e,24,2025-09-02 12:11:44.826974+00
d72bb9f0-ab6e-4199-8b05-ec049d959a7b,84c3697d-c3c8-4f01-9373-a7dc5e3867dc,35,2025-03-13 13:43:53.607759+00
d786a768-6c75-4539-b06e-b541846548cc,cc019c64-3604-44c6-9bc5-ad46b291e868,39,2025-03-13 13:43:55.478136+00
d7b45b5a-4461-4454-8bc3-ad5c5d4ce275,a6a11bfe-646a-47ae-9860-9acff60c78f0,41,2025-03-13 13:43:48.924958+00
d9cb9f59-c626-47d5-868a-0626c529e144,2565d309-d4d9-40f5-a001-3c1ed0d2dff6,41,2025-03-13 13:43:49.100212+00
db3d49f6-7ca5-4597-b3af-2cdfd252cedb,4d1ab5ef-ad6d-46a6-91be-1dc68cb3046a,35,2025-03-13 13:43:51.394487+00
dbd3184e-1e3b-4359-9f5d-3e7f42b931f8,d171bc90-ab18-4492-a595-7ba8b4a6ab4c,3,2025-03-13 13:43:42.962305+00
dbea4e8d-7863-41de-9591-d265477b822f,b7e85d62-aa77-45d2-87ea-d0a56df7a730,13,2025-09-02 12:25:49.839598+00
dc498875-9daa-4dec-a88a-c26a4aa05e91,a83e2224-1412-4f2c-8f7b-9e382a646b5b,23,2025-03-13 13:43:54.681311+00
dc939be2-2c7f-4161-b7d5-529a630fdea5,3c710a41-a2a6-4d05-9d8e-64788fa8b6a3,41,2025-03-13 13:43:51.211652+00
dce0477f-e3a8-42b9-bd15-118e99eb05c4,cbc0c59b-f8f6-4c71-9540-6eb4a68112e3,35,2025-03-13 13:43:49.850008+00
dfbbdad8-186d-4b92-8a89-8f4d1151b4a3,ac5db70b-205f-479f-a701-4cd17648d42a,22,2025-03-13 13:43:55.283352+00
e143ebf2-aaf0-42b2-8f7e-07c0ebad5356,e91b9b52-fafc-44e4-8733-b83007832615,36,2025-03-13 13:43:53.897397+00
e14a5276-bd21-44fc-8c73-f856cd6418cc,3c062884-0d72-4517-917d-4289411acfeb,8,2025-03-13 13:43:56.59038+00
e257192a-862a-475e-acf7-a5554ed84417,165eff35-9d1a-4de4-93e6-a377a7f20eb4,8,2025-03-13 13:43:56.556381+00
e28f0033-4187-49e5-b5c4-866271952a66,99d9ca33-2bb3-4dd0-bafe-340724462462,24,2025-09-02 12:14:33.087429+00
e413a496-88e2-4485-8979-17f68a3ca255,3c062884-0d72-4517-917d-4289411acfeb,13,2025-09-02 12:25:29.540358+00
e44969c6-2bf0-4fdf-8949-edf8b72ca0d8,2ff0a76a-40bb-45cd-aaf9-bf5ac8862176,17,2025-03-13 13:43:45.854939+00
e45d5349-da3f-458d-83ba-1a78ce766463,5b23cce7-d165-4e06-bee8-6bbc8ea74c8d,17,2025-03-13 13:43:54.158883+00
e493ac16-6b58-4b31-8aae-a1541ed92467,20d57b04-2029-4cb3-a1ff-d41bef15a658,17,2025-03-13 13:43:53.194434+00
e4ad05e3-f20c-4a85-8c3b-e925022f2a45,85235e78-974c-4a56-b21f-1e3ee52c51cc,2,2025-03-13 13:43:44.285811+00
e4ca9339-59ec-454b-ad5f-5cdb7891d88d,7a9e477c-edba-4240-81da-bdbb2cd75ba6,4,2025-03-13 13:43:45.747273+00
e5c18ab7-a958-4824-b117-d0d36ff31627,202e0996-3969-43b5-98f7-02c31d93e3ad,41,2025-03-13 13:43:52.577898+00
e5ff0a59-5b3f-41be-86db-1cfdc355af05,3af57acf-f346-44b0-a396-4a349d61329e,18,2025-03-13 13:44:00.302299+00
e65d7898-0e7f-4c97-8f96-55e67222aa91,324890c7-0afa-4b6a-8507-3b6597f9506e,8,2025-03-13 13:43:59.682122+00
e69d44d8-0923-4162-8b94-645be402c7aa,1d7f23c6-1585-4760-beea-d99dbe9de437,11,2025-03-13 13:43:57.35885+00
e78c5fe6-71d9-48c7-8588-8d16f55a23f2,9bd3b821-b361-4548-b9e9-c17e5d339549,42,2025-03-13 13:43:51.988352+00
e82c5201-9d01-49cf-a7da-b9e53bc996a1,c328ae1a-6e9d-4f85-ae88-91f2f3ddf645,22,2025-03-13 13:44:00.659064+00
e839315b-391b-4b4e-a339-5b5759c017bb,fc13cfeb-6d6c-42b0-a229-80762adb17dc,39,2025-03-13 13:43:51.663696+00
ea25a8a6-09a7-4e13-96e4-5d891b868a6f,5df2ee90-fe16-4e10-b187-8c9531c52d59,4,2025-03-13 13:44:00.47107+00
eabbac2e-1243-438d-9890-a47a27eca8e1,a8c2a56d-03ea-4434-8b15-6de0a3128570,39,2025-03-13 13:43:50.958894+00
eabf3204-c1a4-4397-a8b6-a8b1b7ff027f,3cb60a60-1e12-4974-8e3a-f8345d57c7a3,42,2025-03-13 13:43:51.844778+00
eb04bfea-d914-4f41-aa3e-05f82051d702,5c22430c-29e3-4d3a-b5b6-9dfbede95928,33,2025-03-13 13:43:48.096706+00
ec2d66aa-e5b8-4c36-868f-631eed5d6007,4707174d-bf97-485c-bb40-df2c93034bc8,4,2025-03-13 13:43:42.146734+00
ecf4a9aa-f990-4cff-88c8-5d5fa8e40d13,6e0ffea8-b68e-4256-98b2-4925525bcb5a,42,2025-03-13 13:43:47.743034+00
ed1a5949-e25a-4a83-b4ce-c5ec265046af,aaedc8ab-f23f-4933-8bd2-2dbd9cefe9e9,17,2025-03-13 13:43:45.783131+00
ef37dd14-3c5e-4fbf-84a7-f8faa8db3123,861431d9-2f52-47bc-b7eb-d144189e0b38,18,2025-03-13 13:43:56.771517+00
efa5ea66-eb44-4685-84ac-75a1b4dc6c4d,5acaa051-3b9c-4e0a-9b3c-9e3cf3abebee,42,2025-03-13 13:43:45.04657+00
efd2ee40-c11b-46a5-9597-3aa9cf17b3a4,62f55ff0-9528-455b-be7c-418857cd3e67,11,2025-03-13 13:43:57.218237+00
f07d9cae-9ed7-4346-9d03-65ec608e7db0,7863f972-441f-4fb1-9be7-5818a49fc1a6,39,2025-03-13 13:43:41.977501+00
f0b10c20-f809-4791-bfae-88398750d1a4,f722c7fa-b725-4fdc-9c20-1a96f1deae80,17,2025-03-13 13:43:51.037044+00
f138ce97-cb1e-427e-9cec-5845b48558f0,e219386a-cc97-49c5-8f2a-b84c6b06e857,2,2025-03-13 13:43:58.468675+00
f22eaa08-aff5-44c5-b2d2-906cf078545d,50edf8bf-bcd3-4bb8-aaab-b95a48d450cf,17,2025-03-13 13:43:54.890607+00
f3075e2a-7eaf-44ab-a03d-9f329dbc3927,202e0996-3969-43b5-98f7-02c31d93e3ad,18,2025-03-13 13:43:52.540723+00
f3e18f14-1f21-4f3f-beab-6fa3212ff6ee,d171bc90-ab18-4492-a595-7ba8b4a6ab4c,36,2025-03-13 13:43:42.926027+00
f422ef79-8349-4e47-90e2-19629801352c,4603e71e-07e4-464c-8509-740bdf335567,18,2025-03-13 13:43:52.197083+00
f456ea90-953a-4809-b10a-18e270cab5d5,fd77cf4a-9d22-427b-ab8b-09a8eb840d68,1,2025-03-13 13:43:44.429543+00
f47f013a-ea0b-4009-882d-a94000b6b50b,a1db05e3-76bf-42df-a39a-6b319b0b6f1f,2,2025-03-13 13:43:45.959274+00
f4a91a96-8818-42ff-89a9-6e1f8e1af59b,0e316ac9-706a-43c5-adc4-9bca8bf6f985,24,2025-09-02 12:10:46.572447+00
f56c0f68-b4a2-497b-b65f-6d8ad3b470df,88546b70-7dea-4c49-826e-d31262b0291e,40,2025-03-13 13:43:51.628537+00
f59e3350-910d-4cd1-b21e-e6da0aad557d,0e316ac9-706a-43c5-adc4-9bca8bf6f985,22,2025-03-13 13:43:59.787135+00
f7518bdf-c22d-47cb-bd54-de9bf4ef0355,aa86b63e-9d00-43f3-9308-212e35efcda9,18,2025-03-13 13:43:50.312666+00
f8555a72-d997-42b0-bd13-cca3e5a32f30,e79857c7-8387-4978-9e0d-00c3e455a063,17,2025-03-13 13:43:49.518423+00
f8736284-062b-4c1a-9322-80e890c14e71,07ead655-6f94-4139-9106-ed1b8773588b,2,2025-03-13 13:43:42.302481+00
f8a7ba6e-0ba9-4ce7-ace3-13493833ed14,705c8465-6597-463b-be5d-15b2df3c78af,4,2025-03-13 13:43:45.225395+00
f8f54ef3-d967-4537-90d8-6edff670fb0d,d3480f89-9a24-42a1-95e8-831d50ce38db,11,2025-03-13 13:43:58.216144+00
f906ac87-355e-43da-b1f2-89c7bae8a5d9,462b2738-404a-45b8-acbb-e1c89f4ad821,18,2025-03-13 13:43:49.986356+00
f9099911-596e-4baa-9bcc-b77a28dab36d,e3680bdd-4a5e-4d3d-9ca7-54ab5d458d89,23,2025-03-13 13:44:00.694828+00
f94b9bc2-1d35-4e6d-9639-9bdab540251a,e512717d-b7cd-42e0-a892-a77ad60960b2,41,2025-03-13 13:43:48.821218+00
f95a9b1b-f356-4305-82aa-e85c697ee4b9,f382588f-05a5-4e57-a294-ccb1cb576cd0,18,2025-03-13 13:43:51.248197+00
f97a9e4c-928c-4b9f-9e46-67703463369c,6f49a7d8-1143-409c-aad7-2b53772551a8,4,2025-03-13 13:43:46.600378+00
fa455ece-5dd2-42e1-8ed1-bfab290532a6,39de16ac-2d55-47fc-b217-0fcc029cec1e,24,2025-09-02 12:12:27.80054+00
fa6ea16d-f10c-4c7a-9f0b-b46f2d068ce7,7edb7cb4-9378-4482-b3e5-61624c5c9666,2,2025-03-13 13:43:56.095878+00
faaae32c-d20f-4613-af84-449ce4cf7cd8,a975f3ba-de8f-47ce-9746-3dd0e3db7c1a,40,2025-03-13 13:43:46.463589+00
fb5cb2b2-55d3-41eb-b895-2cf88f4f20d6,8ee63c4f-17a5-48d0-a29a-07ffba253828,2,2025-03-13 13:43:52.022563+00
fb5f163e-d5ac-49b3-b363-be5670c27b53,4d581d91-96ca-4d2a-be54-0a3ef497e6cb,17,2025-03-13 13:43:44.466327+00
fb81f551-cc00-4790-9f5f-241b2ad421e9,94c90b6f-6c86-4c2c-bacd-5fb95a530b77,41,2025-03-13 13:43:48.591816+00
fc59600f-84e7-43d1-a7a8-10e93e1e36ae,5c998e3a-0103-495a-a89d-a5e9dbf72a88,3,2025-03-13 13:43:45.370166+00
fc86ca13-0a2e-4541-b802-3f2eb2157387,0ef3f076-4c21-4e6f-b773-91774397c20f,13,2025-09-02 12:24:03.344755+00
fcf63259-7a13-4db0-8b8a-c04d329f1588,22eb6d8b-9d48-483e-8ad2-c7996c484011,4,2025-03-13 13:43:44.754779+00
ffb11153-9fa7-4cc7-8699-cdc24087f89e,648c385b-7d03-4b18-aa28-420ee46d7104,42,2025-03-13 13:43:55.792268+00
ffb3e97e-c15b-4fe2-a042-536a6bcb8149,19b5d2f7-1ba6-4002-9bcc-b4268e6f1fc1,41,2025-03-13 13:43:50.811417+00